{
    "name": "root",
    "gauges": {
        "MoveToGoal.Policy.Entropy.mean": {
            "value": 1.4183919429779053,
            "min": 1.4183919429779053,
            "max": 1.4183919429779053,
            "count": 1
        },
        "MoveToGoal.Policy.Entropy.sum": {
            "value": 72040.125,
            "min": 72040.125,
            "max": 72040.125,
            "count": 1
        },
        "MoveToGoal.Step.mean": {
            "value": 49997.0,
            "min": 49997.0,
            "max": 49997.0,
            "count": 1
        },
        "MoveToGoal.Step.sum": {
            "value": 49997.0,
            "min": 49997.0,
            "max": 49997.0,
            "count": 1
        },
        "MoveToGoal.Policy.ExtrinsicValueEstimate.mean": {
            "value": -2.0423405170440674,
            "min": -2.0423405170440674,
            "max": -2.0423405170440674,
            "count": 1
        },
        "MoveToGoal.Policy.ExtrinsicValueEstimate.sum": {
            "value": -2115.86474609375,
            "min": -2115.86474609375,
            "max": -2115.86474609375,
            "count": 1
        },
        "MoveToGoal.Environment.EpisodeLength.mean": {
            "value": 111.32009345794393,
            "min": 111.32009345794393,
            "max": 111.32009345794393,
            "count": 1
        },
        "MoveToGoal.Environment.EpisodeLength.sum": {
            "value": 47645.0,
            "min": 47645.0,
            "max": 47645.0,
            "count": 1
        },
        "MoveToGoal.Environment.CumulativeReward.mean": {
            "value": -0.48711943793911006,
            "min": -0.48711943793911006,
            "max": -0.48711943793911006,
            "count": 1
        },
        "MoveToGoal.Environment.CumulativeReward.sum": {
            "value": -208.0,
            "min": -208.0,
            "max": -208.0,
            "count": 1
        },
        "MoveToGoal.Policy.ExtrinsicReward.mean": {
            "value": -0.48711943793911006,
            "min": -0.48711943793911006,
            "max": -0.48711943793911006,
            "count": 1
        },
        "MoveToGoal.Policy.ExtrinsicReward.sum": {
            "value": -208.0,
            "min": -208.0,
            "max": -208.0,
            "count": 1
        },
        "MoveToGoal.Losses.PolicyLoss.mean": {
            "value": 0.02828442607618247,
            "min": 0.02828442607618247,
            "max": 0.02828442607618247,
            "count": 1
        },
        "MoveToGoal.Losses.PolicyLoss.sum": {
            "value": 0.11313770430472989,
            "min": 0.11313770430472989,
            "max": 0.11313770430472989,
            "count": 1
        },
        "MoveToGoal.Losses.ValueLoss.mean": {
            "value": 5.784814966842532,
            "min": 5.784814966842532,
            "max": 5.784814966842532,
            "count": 1
        },
        "MoveToGoal.Losses.ValueLoss.sum": {
            "value": 23.13925986737013,
            "min": 23.13925986737013,
            "max": 23.13925986737013,
            "count": 1
        },
        "MoveToGoal.Policy.LearningRate.mean": {
            "value": 0.00028460265513244993,
            "min": 0.00028460265513244993,
            "max": 0.00028460265513244993,
            "count": 1
        },
        "MoveToGoal.Policy.LearningRate.sum": {
            "value": 0.0011384106205297997,
            "min": 0.0011384106205297997,
            "max": 0.0011384106205297997,
            "count": 1
        },
        "MoveToGoal.Policy.Epsilon.mean": {
            "value": 0.19486755000000003,
            "min": 0.19486755000000003,
            "max": 0.19486755000000003,
            "count": 1
        },
        "MoveToGoal.Policy.Epsilon.sum": {
            "value": 0.7794702000000001,
            "min": 0.7794702000000001,
            "max": 0.7794702000000001,
            "count": 1
        },
        "MoveToGoal.Policy.Beta.mean": {
            "value": 0.004743890745,
            "min": 0.004743890745,
            "max": 0.004743890745,
            "count": 1
        },
        "MoveToGoal.Policy.Beta.sum": {
            "value": 0.01897556298,
            "min": 0.01897556298,
            "max": 0.01897556298,
            "count": 1
        },
        "MoveToGoal.IsTraining.mean": {
            "value": 1.0,
            "min": 1.0,
            "max": 1.0,
            "count": 1
        },
        "MoveToGoal.IsTraining.sum": {
            "value": 1.0,
            "min": 1.0,
            "max": 1.0,
            "count": 1
        }
    },
    "metadata": {
        "timer_format_version": "0.1.0",
        "start_time_seconds": "1650314356",
        "python_version": "3.8.10 (tags/v3.8.10:3d8993a, May  3 2021, 11:48:03) [MSC v.1928 64 bit (AMD64)]",
        "command_line_arguments": "C:\\Users\\Arian\\OneDrive\\Desktop\\Projects\\GitHub\\ML_Agents\\ML_Agents\\venv\\Scripts\\mlagents-learn --run-id=MoveToGoal",
        "mlagents_version": "0.29.0",
        "mlagents_envs_version": "0.29.0",
        "communication_protocol_version": "1.5.0",
        "pytorch_version": "1.11.0+cpu",
        "numpy_version": "1.21.2",
        "end_time_seconds": "1650314567"
    },
    "total": 211.4256087,
    "count": 1,
    "self": 0.010807199999987915,
    "children": {
        "run_training.setup": {
            "total": 0.1268435000000001,
            "count": 1,
            "self": 0.1268435000000001
        },
        "TrainerController.start_learning": {
            "total": 211.287958,
            "count": 1,
            "self": 0.11718039999990992,
            "children": {
                "TrainerController._reset_env": {
                    "total": 7.567818300000001,
                    "count": 1,
                    "self": 7.567818300000001
                },
                "TrainerController.advance": {
                    "total": 203.43497700000012,
                    "count": 4199,
                    "self": 0.11550360000106252,
                    "children": {
                        "env_step": {
                            "total": 188.65364919999945,
                            "count": 4199,
                            "self": 184.754176599999,
                            "children": {
                                "SubprocessEnvManager._take_step": {
                                    "total": 3.8232377999996903,
                                    "count": 4200,
                                    "self": 0.3252147999997437,
                                    "children": {
                                        "TorchPolicy.evaluate": {
                                            "total": 3.4980229999999466,
                                            "count": 3841,
                                            "self": 0.7220517999999672,
                                            "children": {
                                                "TorchPolicy.sample_actions": {
                                                    "total": 2.7759711999999794,
                                                    "count": 3841,
                                                    "self": 2.7759711999999794
                                                }
                                            }
                                        }
                                    }
                                },
                                "workers": {
                                    "total": 0.07623480000076377,
                                    "count": 4198,
                                    "self": 0.0,
                                    "children": {
                                        "worker_root": {
                                            "total": 116.25889640000035,
                                            "count": 4198,
                                            "is_parallel": true,
                                            "self": 25.486320900000294,